{"cameraMode":{"drawMode":0,"name":"Shaded","section":"Shading Mode"},"sceneLighting":true,"audioPlay":false,"sceneViewState":{"m_AlwaysRefresh":false,"showFog":true,"showSkybox":false,"showFlares":true,"showImageEffects":true,"showParticleSystems":true,"showVisualEffectGraphs":true,"m_FxEnabled":true},"in2DMode":false,"pivot":{"x":8.940975189208985,"y":2.3856186866760256,"z":-20.055633544921876},"rotation":{"x":0.07370494306087494,"y":-0.8564733266830444,"z":0.12760251760482789,"w":0.4947107434272766},"size":15.266498565673829,"orthographic":false}