{"cameraMode":{"drawMode":0,"name":"Shaded","section":"Shading Mode"},"sceneLighting":false,"audioPlay":false,"sceneViewState":{"m_AlwaysRefresh":false,"showFog":true,"showSkybox":false,"showFlares":true,"showImageEffects":true,"showParticleSystems":true,"showVisualEffectGraphs":true,"m_FxEnabled":true},"in2DMode":false,"pivot":{"x":0.020710796117782594,"y":5.107938766479492,"z":0.24724280834197999},"rotation":{"x":0.37272214889526369,"y":0.23278512060642243,"z":-0.09716049581766129,"w":0.8930095434188843},"size":1.3967286348342896,"orthographic":false}