{"cameraMode":{"drawMode":0,"name":"Shaded","section":"Shading Mode"},"sceneLighting":true,"audioPlay":false,"sceneViewState":{"m_AlwaysRefresh":false,"showFog":true,"showSkybox":true,"showFlares":true,"showImageEffects":true,"showParticleSystems":true,"showVisualEffectGraphs":true,"m_FxEnabled":true},"in2DMode":false,"pivot":{"x":55.28132629394531,"y":1.4277234077453614,"z":-36.37148666381836},"rotation":{"x":0.5302137732505798,"y":-0.01145859993994236,"z":0.007142047397792339,"w":0.8477780222892761},"size":40.389503479003909,"orthographic":true}