{"cameraMode":{"drawMode":0,"name":"Shaded","section":"Shading Mode"},"sceneLighting":true,"audioPlay":false,"sceneViewState":{"m_AlwaysRefresh":false,"showFog":true,"showSkybox":false,"showFlares":true,"showImageEffects":true,"showParticleSystems":true,"showVisualEffectGraphs":true,"m_FxEnabled":true},"in2DMode":false,"pivot":{"x":12.482553482055664,"y":2.2372453212738039,"z":-18.908552169799806},"rotation":{"x":0.05166015028953552,"y":-0.9110637903213501,"z":0.12040573358535767,"w":0.3908921778202057},"size":9.822080612182618,"orthographic":false}