{"cameraMode":{"drawMode":0,"name":"Shaded","section":"Shading Mode"},"sceneLighting":false,"audioPlay":false,"sceneViewState":{"m_AlwaysRefresh":false,"showFog":true,"showSkybox":false,"showFlares":true,"showImageEffects":true,"showParticleSystems":true,"showVisualEffectGraphs":true,"m_FxEnabled":true},"in2DMode":false,"pivot":{"x":2.455657720565796,"y":0.8038415908813477,"z":0.14326488971710206},"rotation":{"x":0.25017258524894717,"y":0.5846986174583435,"z":-0.19597040116786958,"w":0.7464163899421692},"size":4.157168865203857,"orthographic":false}