{"cameraMode":{"drawMode":0,"name":"Shaded","section":"Shading Mode"},"sceneLighting":false,"audioPlay":false,"sceneViewState":{"m_AlwaysRefresh":false,"showFog":true,"showSkybox":false,"showFlares":true,"showImageEffects":true,"showParticleSystems":true,"showVisualEffectGraphs":true,"m_FxEnabled":true},"in2DMode":false,"pivot":{"x":4.908198356628418,"y":1.1383672952651978,"z":0.22355413436889649},"rotation":{"x":0.31493210792541506,"y":-0.00854196771979332,"z":0.0028345684986561538,"w":0.9490721821784973},"size":2.881286859512329,"orthographic":true}